,serum,virus,replicate,concentration,fraction infectivity
0,M03-day-119,WT,1,0.04,-6.798e-06
1,M03-day-119,WT,1,0.01333,-6.904e-06
2,M03-day-119,WT,1,0.004444,0.07826
3,M03-day-119,WT,1,0.001481,0.2842
4,M03-day-119,WT,1,0.0004938,0.5982
5,M03-day-119,WT,1,0.0001646,0.7974
6,M03-day-119,WT,1,5.487e-05,0.9575
7,M03-day-119,WT,1,1.829e-05,1.026
8,M03-day-119,WT,2,0.04,-6.798e-06
9,M03-day-119,WT,2,0.01333,0.004015
10,M03-day-119,WT,2,0.004444,0.05302
11,M03-day-119,WT,2,0.001481,0.2166
12,M03-day-119,WT,2,0.0004938,0.523
13,M03-day-119,WT,2,0.0001646,0.7756
14,M03-day-119,WT,2,5.487e-05,0.8687
15,M03-day-119,WT,2,1.829e-05,0.8987
16,M05-day-119,WT,1,0.04,1.7e-06
17,M05-day-119,WT,1,0.01333,-8.63e-06
18,M05-day-119,WT,1,0.004444,0.03974
19,M05-day-119,WT,1,0.001481,0.2252
20,M05-day-119,WT,1,0.0004938,0.533
21,M05-day-119,WT,1,0.0001646,0.8669
22,M05-day-119,WT,1,5.487e-05,0.785
23,M05-day-119,WT,1,1.829e-05,0.9531
24,M05-day-119,WT,2,0.04,-1.02e-05
25,M05-day-119,WT,2,0.01333,0.004564
26,M05-day-119,WT,2,0.004444,0.02752
27,M05-day-119,WT,2,0.001481,0.2316
28,M05-day-119,WT,2,0.0004938,0.6166
29,M05-day-119,WT,2,0.0001646,0.8294
30,M05-day-119,WT,2,5.487e-05,0.7928
31,M05-day-119,WT,2,1.829e-05,0.9298
32,M06-day-119,WT,1,0.04,8.498e-06
33,M06-day-119,WT,1,0.01333,0.00493
34,M06-day-119,WT,1,0.004444,0.07049
35,M06-day-119,WT,1,0.001481,0.3921
36,M06-day-119,WT,1,0.0004938,0.5821
37,M06-day-119,WT,1,0.0001646,0.74
38,M06-day-119,WT,1,5.487e-05,0.8804
39,M06-day-119,WT,1,1.829e-05,1.116
40,M06-day-119,WT,2,0.04,1.7e-06
41,M06-day-119,WT,2,0.01333,0.006169
42,M06-day-119,WT,2,0.004444,0.07893
43,M06-day-119,WT,2,0.001481,0.33
44,M06-day-119,WT,2,0.0004938,0.6228
45,M06-day-119,WT,2,0.0001646,0.7152
46,M06-day-119,WT,2,5.487e-05,0.8071
47,M06-day-119,WT,2,1.829e-05,1.126
48,M11-day-119,WT,1,0.04,-1.19e-05
49,M11-day-119,WT,1,0.01333,-6.904e-06
50,M11-day-119,WT,1,0.004444,0.0121
51,M11-day-119,WT,1,0.001481,0.2776
52,M11-day-119,WT,1,0.0004938,0.437
53,M11-day-119,WT,1,0.0001646,0.9004
54,M11-day-119,WT,1,5.487e-05,0.7427
55,M11-day-119,WT,1,1.829e-05,0.974
56,M11-day-119,WT,2,0.04,-6.798e-06
57,M11-day-119,WT,2,0.01333,0.002378
58,M11-day-119,WT,2,0.004444,0.03627
59,M11-day-119,WT,2,0.001481,0.2293
60,M11-day-119,WT,2,0.0004938,0.5552
61,M11-day-119,WT,2,0.0001646,0.8928
62,M11-day-119,WT,2,5.487e-05,0.8955
63,M11-day-119,WT,2,1.829e-05,1.011
64,M12-day-119,WT,1,0.04,-1.316e-05
65,M12-day-119,WT,1,0.01333,6.345e-06
66,M12-day-119,WT,1,0.004444,0.05171
67,M12-day-119,WT,1,0.001481,0.1759
68,M12-day-119,WT,1,0.0004938,0.565
69,M12-day-119,WT,1,0.0001646,0.6919
70,M12-day-119,WT,1,5.487e-05,0.9072
71,M12-day-119,WT,1,1.829e-05,1.047
72,M12-day-119,WT,2,0.04,-6.022e-06
73,M12-day-119,WT,2,0.01333,1.094e-06
74,M12-day-119,WT,2,0.004444,0.02747
75,M12-day-119,WT,2,0.001481,0.1717
76,M12-day-119,WT,2,0.0004938,0.5354
77,M12-day-119,WT,2,0.0001646,0.8159
78,M12-day-119,WT,2,5.487e-05,0.9443
79,M12-day-119,WT,2,1.829e-05,1.105
80,M14-day-119,WT,1,0.04,-7.806e-06
81,M14-day-119,WT,1,0.01333,-5.907e-06
82,M14-day-119,WT,1,0.004444,0.003866
83,M14-day-119,WT,1,0.001481,0.08929
84,M14-day-119,WT,1,0.0004938,0.4957
85,M14-day-119,WT,1,0.0001646,0.5879
86,M14-day-119,WT,1,5.487e-05,0.8634
87,M14-day-119,WT,1,1.829e-05,0.9303
88,M14-day-119,WT,2,0.04,-6.691e-07
89,M14-day-119,WT,2,0.01333,-7.657e-06
90,M14-day-119,WT,2,0.004444,0.004321
91,M14-day-119,WT,2,0.001481,0.1203
92,M14-day-119,WT,2,0.0004938,0.4375
93,M14-day-119,WT,2,0.0001646,0.842
94,M14-day-119,WT,2,5.487e-05,0.8609
95,M14-day-119,WT,2,1.829e-05,1.096
96,23_d120,WT,1,0.04,4.683e-06
97,23_d120,WT,1,0.01333,0.01146
98,23_d120,WT,1,0.004444,0.05363
99,23_d120,WT,1,0.001481,0.3864
100,23_d120,WT,1,0.0004938,0.6546
101,23_d120,WT,1,0.0001646,0.7689
102,23_d120,WT,1,5.487e-05,0.9368
103,23_d120,WT,1,1.829e-05,0.8964
104,23_d120,WT,2,0.04,-6.022e-06
105,23_d120,WT,2,0.01333,0.01745
106,23_d120,WT,2,0.004444,0.06934
107,23_d120,WT,2,0.001481,0.3565
108,23_d120,WT,2,0.0004938,0.6504
109,23_d120,WT,2,0.0001646,0.7529
110,23_d120,WT,2,5.487e-05,0.7621
111,23_d120,WT,2,1.829e-05,1.112
112,1C_d113,WT,1,0.04,0.004226
113,1C_d113,WT,1,0.01333,0.07757
114,1C_d113,WT,1,0.004444,0.3626
115,1C_d113,WT,1,0.001481,0.6307
116,1C_d113,WT,1,0.0004938,0.8353
117,1C_d113,WT,1,0.0001646,0.9059
118,1C_d113,WT,1,5.487e-05,1.075
119,1C_d113,WT,1,1.829e-05,1.007
120,1C_d113,WT,2,0.04,0.00737
121,1C_d113,WT,2,0.01333,0.05149
122,1C_d113,WT,2,0.004444,0.3469
123,1C_d113,WT,2,0.001481,0.6919
124,1C_d113,WT,2,0.0004938,1.005
125,1C_d113,WT,2,0.0001646,0.9376
126,1C_d113,WT,2,5.487e-05,0.8988
127,1C_d113,WT,2,1.829e-05,1.056
128,M03-day-119,E484K,1,0.04,-7.998e-05
129,M03-day-119,E484K,1,0.01333,6.08e-05
130,M03-day-119,E484K,1,0.004444,0.04341
131,M03-day-119,E484K,1,0.001481,0.5412
132,M03-day-119,E484K,1,0.0004938,0.8353
133,M03-day-119,E484K,1,0.0001646,0.6647
134,M03-day-119,E484K,1,5.487e-05,1.086
135,M03-day-119,E484K,1,1.829e-05,0.6637
136,M03-day-119,E484K,2,0.04,-3.825e-05
137,M03-day-119,E484K,2,0.01333,4.209e-05
138,M03-day-119,E484K,2,0.004444,0.0016
139,M03-day-119,E484K,2,0.001481,0.301
140,M03-day-119,E484K,2,0.0004938,0.5996
141,M03-day-119,E484K,2,0.0001646,0.477
142,M03-day-119,E484K,2,5.487e-05,1.323
143,M03-day-119,E484K,2,1.829e-05,1.042
144,M05-day-119,E484K,1,0.04,-3.825e-05
145,M05-day-119,E484K,1,0.01333,6.08e-05
146,M05-day-119,E484K,1,0.004444,0.2076
147,M05-day-119,E484K,1,0.001481,0.3044
148,M05-day-119,E484K,1,0.0004938,0.8392
149,M05-day-119,E484K,1,0.0001646,0.4765
150,M05-day-119,E484K,1,5.487e-05,1.128
151,M05-day-119,E484K,1,1.829e-05,1.434
152,M05-day-119,E484K,2,0.04,0.0001287
153,M05-day-119,E484K,2,0.01333,9.822e-05
154,M05-day-119,E484K,2,0.004444,0.0882
155,M05-day-119,E484K,2,0.001481,0.404
156,M05-day-119,E484K,2,0.0004938,0.8923
157,M05-day-119,E484K,2,0.0001646,0.4241
158,M05-day-119,E484K,2,5.487e-05,0.627
159,M05-day-119,E484K,2,1.829e-05,1.193
160,M06-day-119,E484K,1,0.04,-1.043e-05
161,M06-day-119,E484K,1,0.01333,0.1405
162,M06-day-119,E484K,1,0.004444,0.06147
163,M06-day-119,E484K,1,0.001481,0.1975
164,M06-day-119,E484K,1,0.0004938,0.8709
165,M06-day-119,E484K,1,0.0001646,0.7164
166,M06-day-119,E484K,1,5.487e-05,1.131
167,M06-day-119,E484K,1,1.829e-05,1.275
168,M06-day-119,E484K,2,0.04,-2.434e-05
169,M06-day-119,E484K,2,0.01333,0.001108
170,M06-day-119,E484K,2,0.004444,0.1143
171,M06-day-119,E484K,2,0.001481,0.4948
172,M06-day-119,E484K,2,0.0004938,0.7086
173,M06-day-119,E484K,2,0.0001646,0.6479
174,M06-day-119,E484K,2,5.487e-05,0.9158
175,M06-day-119,E484K,2,1.829e-05,0.8971
176,M11-day-119,E484K,1,0.04,1.739e-05
177,M11-day-119,E484K,1,0.01333,-3.274e-05
178,M11-day-119,E484K,1,0.004444,0.1526
179,M11-day-119,E484K,1,0.001481,0.3089
180,M11-day-119,E484K,1,0.0004938,0.694
181,M11-day-119,E484K,1,0.0001646,0.4194
182,M11-day-119,E484K,1,5.487e-05,0.816
183,M11-day-119,E484K,1,1.829e-05,1.084
184,M11-day-119,E484K,2,0.04,-3.825e-05
185,M11-day-119,E484K,2,0.01333,-3.274e-05
186,M11-day-119,E484K,2,0.004444,0.01971
187,M11-day-119,E484K,2,0.001481,0.3902
188,M11-day-119,E484K,2,0.0004938,1.04
189,M11-day-119,E484K,2,0.0001646,0.6704
190,M11-day-119,E484K,2,5.487e-05,0.9028
191,M11-day-119,E484K,2,1.829e-05,0.8594
192,M12-day-119,E484K,1,0.04,-8.043e-05
193,M12-day-119,E484K,1,0.01333,5.702e-05
194,M12-day-119,E484K,1,0.004444,0.04633
195,M12-day-119,E484K,1,0.001481,0.6239
196,M12-day-119,E484K,1,0.0004938,0.7769
197,M12-day-119,E484K,1,0.0001646,0.7964
198,M12-day-119,E484K,1,5.487e-05,0.8767
199,M12-day-119,E484K,1,1.829e-05,0.7118
200,M12-day-119,E484K,2,0.04,-8.937e-06
201,M12-day-119,E484K,2,0.01333,3.421e-05
202,M12-day-119,E484K,2,0.004444,0.0002221
203,M12-day-119,E484K,2,0.001481,0.3768
204,M12-day-119,E484K,2,0.0004938,1.482
205,M12-day-119,E484K,2,0.0001646,0.4633
206,M12-day-119,E484K,2,5.487e-05,0.7952
207,M12-day-119,E484K,2,1.829e-05,0.8133
208,M14-day-119,E484K,1,0.04,-0.0001162
209,M14-day-119,E484K,1,0.01333,-7.983e-05
210,M14-day-119,E484K,1,0.004444,9.518e-05
211,M14-day-119,E484K,1,0.001481,0.05548
212,M14-day-119,E484K,1,0.0004938,0.8181
213,M14-day-119,E484K,1,0.0001646,0.8172
214,M14-day-119,E484K,1,5.487e-05,0.8268
215,M14-day-119,E484K,1,1.829e-05,0.9856
216,M14-day-119,E484K,2,0.04,-8.937e-06
217,M14-day-119,E484K,2,0.01333,-5.702e-05
218,M14-day-119,E484K,2,0.004444,0.03781
219,M14-day-119,E484K,2,0.001481,0.3665
220,M14-day-119,E484K,2,0.0004938,0.6668
221,M14-day-119,E484K,2,0.0001646,0.8761
222,M14-day-119,E484K,2,5.487e-05,0.9796
223,M14-day-119,E484K,2,1.829e-05,0.8641
224,23_d120,E484K,1,0.04,4.468e-05
225,23_d120,E484K,1,0.01333,7.983e-05
226,23_d120,E484K,1,0.004444,0.03609
227,23_d120,E484K,1,0.001481,0.6345
228,23_d120,E484K,1,0.0004938,1.259
229,23_d120,E484K,1,0.0001646,0.7437
230,23_d120,E484K,1,5.487e-05,0.6145
231,23_d120,E484K,1,1.829e-05,0.5532
232,23_d120,E484K,2,0.04,-6.256e-05
233,23_d120,E484K,2,0.01333,-5.702e-05
234,23_d120,E484K,2,0.004444,0.2942
235,23_d120,E484K,2,0.001481,0.3345
236,23_d120,E484K,2,0.0004938,1.239
237,23_d120,E484K,2,0.0001646,0.8294
238,23_d120,E484K,2,5.487e-05,0.7455
239,23_d120,E484K,2,1.829e-05,0.7338
240,1C_d113,E484K,1,0.04,0.07401
241,1C_d113,E484K,1,0.01333,0.5821
242,1C_d113,E484K,1,0.004444,0.8263
243,1C_d113,E484K,1,0.001481,1.038
244,1C_d113,E484K,1,0.0004938,1.171
245,1C_d113,E484K,1,0.0001646,0.6835
246,1C_d113,E484K,1,5.487e-05,0.6749
247,1C_d113,E484K,1,1.829e-05,1.414
248,1C_d113,E484K,2,0.04,0.1418
249,1C_d113,E484K,2,0.01333,0.5291
250,1C_d113,E484K,2,0.004444,0.6502
251,1C_d113,E484K,2,0.001481,1.003
252,1C_d113,E484K,2,0.0004938,1.201
253,1C_d113,E484K,2,0.0001646,0.8955
254,1C_d113,E484K,2,5.487e-05,0.3937
255,1C_d113,E484K,2,1.829e-05,0.7378
256,M03-day-119,E484P,1,0.04,7.723e-05
257,M03-day-119,E484P,1,0.01333,0.08758
258,M03-day-119,E484P,1,0.004444,0.4563
259,M03-day-119,E484P,1,0.001481,0.8063
260,M03-day-119,E484P,1,0.0004938,0.8464
261,M03-day-119,E484P,1,0.0001646,0.9355
262,M03-day-119,E484P,1,5.487e-05,1.089
263,M03-day-119,E484P,1,1.829e-05,1.248
264,M03-day-119,E484P,2,0.04,-6.293e-06
265,M03-day-119,E484P,2,0.01333,0.07078
266,M03-day-119,E484P,2,0.004444,0.4161
267,M03-day-119,E484P,2,0.001481,0.9098
268,M03-day-119,E484P,2,0.0004938,0.9852
269,M03-day-119,E484P,2,0.0001646,0.9356
270,M03-day-119,E484P,2,5.487e-05,1.131
271,M03-day-119,E484P,2,1.829e-05,1.238
272,M05-day-119,E484P,1,0.04,-1.716e-06
273,M05-day-119,E484P,1,0.01333,0.04241
274,M05-day-119,E484P,1,0.004444,0.3395
275,M05-day-119,E484P,1,0.001481,0.7736
276,M05-day-119,E484P,1,0.0004938,0.8745
277,M05-day-119,E484P,1,0.0001646,1.01
278,M05-day-119,E484P,1,5.487e-05,1.018
279,M05-day-119,E484P,1,1.829e-05,1.026
280,M05-day-119,E484P,2,0.04,0.003417
281,M05-day-119,E484P,2,0.01333,0.02222
282,M05-day-119,E484P,2,0.004444,0.3248
283,M05-day-119,E484P,2,0.001481,0.7002
284,M05-day-119,E484P,2,0.0004938,0.7682
285,M05-day-119,E484P,2,0.0001646,0.8316
286,M05-day-119,E484P,2,5.487e-05,1.042
287,M05-day-119,E484P,2,1.829e-05,1.003
288,M06-day-119,E484P,1,0.04,0.005472
289,M06-day-119,E484P,1,0.01333,0.1791
290,M06-day-119,E484P,1,0.004444,0.3919
291,M06-day-119,E484P,1,0.001481,0.7393
292,M06-day-119,E484P,1,0.0004938,0.8575
293,M06-day-119,E484P,1,0.0001646,0.9467
294,M06-day-119,E484P,1,5.487e-05,0.9934
295,M06-day-119,E484P,1,1.829e-05,0.9024
296,M06-day-119,E484P,2,0.04,0.01074
297,M06-day-119,E484P,2,0.01333,0.1153
298,M06-day-119,E484P,2,0.004444,0.4383
299,M06-day-119,E484P,2,0.001481,0.7061
300,M06-day-119,E484P,2,0.0004938,0.8177
301,M06-day-119,E484P,2,0.0001646,0.9963
302,M06-day-119,E484P,2,5.487e-05,1.001
303,M06-day-119,E484P,2,1.829e-05,1.052
304,M11-day-119,E484P,1,0.04,2.86e-06
305,M11-day-119,E484P,1,0.01333,0.06757
306,M11-day-119,E484P,1,0.004444,0.4463
307,M11-day-119,E484P,1,0.001481,0.8123
308,M11-day-119,E484P,1,0.0004938,0.821
309,M11-day-119,E484P,1,0.0001646,0.9605
310,M11-day-119,E484P,1,5.487e-05,0.9293
311,M11-day-119,E484P,1,1.829e-05,1.071
312,M11-day-119,E484P,2,0.04,-4.004e-06
313,M11-day-119,E484P,2,0.01333,0.06702
314,M11-day-119,E484P,2,0.004444,0.4426
315,M11-day-119,E484P,2,0.001481,0.7721
316,M11-day-119,E484P,2,0.0004938,0.9609
317,M11-day-119,E484P,2,0.0001646,0.8797
318,M11-day-119,E484P,2,5.487e-05,1.004
319,M11-day-119,E484P,2,1.829e-05,1.121
320,M12-day-119,E484P,1,0.04,-9.16e-07
321,M12-day-119,E484P,1,0.01333,0.07518
322,M12-day-119,E484P,1,0.004444,0.5014
323,M12-day-119,E484P,1,0.001481,0.7577
324,M12-day-119,E484P,1,0.0004938,0.9627
325,M12-day-119,E484P,1,0.0001646,1.006
326,M12-day-119,E484P,1,5.487e-05,0.9518
327,M12-day-119,E484P,1,1.829e-05,0.9773
328,M12-day-119,E484P,2,0.04,3.053e-07
329,M12-day-119,E484P,2,0.01333,0.05027
330,M12-day-119,E484P,2,0.004444,0.4287
331,M12-day-119,E484P,2,0.001481,0.8536
332,M12-day-119,E484P,2,0.0004938,1.043
333,M12-day-119,E484P,2,0.0001646,0.9629
334,M12-day-119,E484P,2,5.487e-05,0.834
335,M12-day-119,E484P,2,1.829e-05,1.096
336,M14-day-119,E484P,1,0.04,3.053e-07
337,M14-day-119,E484P,1,0.01333,0.0001558
338,M14-day-119,E484P,1,0.004444,0.1672
339,M14-day-119,E484P,1,0.001481,0.6068
340,M14-day-119,E484P,1,0.0004938,1.005
341,M14-day-119,E484P,1,0.0001646,0.9952
342,M14-day-119,E484P,1,5.487e-05,0.9298
343,M14-day-119,E484P,1,1.829e-05,1.016
344,M14-day-119,E484P,2,0.04,-1.313e-05
345,M14-day-119,E484P,2,0.01333,0.006505
346,M14-day-119,E484P,2,0.004444,0.1726
347,M14-day-119,E484P,2,0.001481,0.5756
348,M14-day-119,E484P,2,0.0004938,0.9784
349,M14-day-119,E484P,2,0.0001646,0.9818
350,M14-day-119,E484P,2,5.487e-05,0.9398
351,M14-day-119,E484P,2,1.829e-05,0.8764
352,23_d120,E484P,1,0.04,0.002638
353,23_d120,E484P,1,0.01333,0.2983
354,23_d120,E484P,1,0.004444,0.398
355,23_d120,E484P,1,0.001481,0.639
356,23_d120,E484P,1,0.0004938,0.8393
357,23_d120,E484P,1,0.0001646,0.9144
358,23_d120,E484P,1,5.487e-05,0.9655
359,23_d120,E484P,1,1.829e-05,0.9154
360,23_d120,E484P,2,0.04,0.001946
361,23_d120,E484P,2,0.01333,0.2838
362,23_d120,E484P,2,0.004444,0.4614
363,23_d120,E484P,2,0.001481,0.6108
364,23_d120,E484P,2,0.0004938,0.8143
365,23_d120,E484P,2,0.0001646,0.8671
366,23_d120,E484P,2,5.487e-05,0.8873
367,23_d120,E484P,2,1.829e-05,0.8828
368,1C_d113,E484P,1,0.04,0.2107
369,1C_d113,E484P,1,0.01333,0.467
370,1C_d113,E484P,1,0.004444,0.6036
371,1C_d113,E484P,1,0.001481,0.8334
372,1C_d113,E484P,1,0.0004938,0.9423
373,1C_d113,E484P,1,0.0001646,0.976
374,1C_d113,E484P,1,5.487e-05,0.8872
375,1C_d113,E484P,1,1.829e-05,1.022
376,1C_d113,E484P,2,0.04,0.2436
377,1C_d113,E484P,2,0.01333,0.5127
378,1C_d113,E484P,2,0.004444,0.556
379,1C_d113,E484P,2,0.001481,0.7369
380,1C_d113,E484P,2,0.0004938,1.002
381,1C_d113,E484P,2,0.0001646,0.8906
382,1C_d113,E484P,2,5.487e-05,0.8694
383,1C_d113,E484P,2,1.829e-05,0.7525
384,M03-day-119,G446V,1,0.04,2.958e-05
385,M03-day-119,G446V,1,0.01333,0.006405
386,M03-day-119,G446V,1,0.004444,0.09296
387,M03-day-119,G446V,1,0.001481,0.3274
388,M03-day-119,G446V,1,0.0004938,0.6674
389,M03-day-119,G446V,1,0.0001646,0.873
390,M03-day-119,G446V,1,5.487e-05,1.019
391,M03-day-119,G446V,1,1.829e-05,0.8449
392,M03-day-119,G446V,2,0.04,-4.226e-06
393,M03-day-119,G446V,2,0.01333,-1.588e-05
394,M03-day-119,G446V,2,0.004444,0.09456
395,M03-day-119,G446V,2,0.001481,0.3539
396,M03-day-119,G446V,2,0.0004938,0.6863
397,M03-day-119,G446V,2,0.0001646,0.922
398,M03-day-119,G446V,2,5.487e-05,0.7261
399,M03-day-119,G446V,2,1.829e-05,1.025
400,M05-day-119,G446V,1,0.04,7.043e-06
401,M05-day-119,G446V,1,0.01333,-2.743e-05
402,M05-day-119,G446V,1,0.004444,0.007368
403,M05-day-119,G446V,1,0.001481,0.2655
404,M05-day-119,G446V,1,0.0004938,0.49
405,M05-day-119,G446V,1,0.0001646,0.8522
406,M05-day-119,G446V,1,5.487e-05,0.9526
407,M05-day-119,G446V,1,1.829e-05,1.271
408,M05-day-119,G446V,2,0.04,-1.55e-05
409,M05-day-119,G446V,2,0.01333,0.006301
410,M05-day-119,G446V,2,0.004444,0.02881
411,M05-day-119,G446V,2,0.001481,0.3283
412,M05-day-119,G446V,2,0.0004938,0.4748
413,M05-day-119,G446V,2,0.0001646,0.9015
414,M05-day-119,G446V,2,5.487e-05,1.019
415,M05-day-119,G446V,2,1.829e-05,1.011
416,M06-day-119,G446V,1,0.04,-2.676e-05
417,M06-day-119,G446V,1,0.01333,0.04302
418,M06-day-119,G446V,1,0.004444,0.2087
419,M06-day-119,G446V,1,0.001481,0.4831
420,M06-day-119,G446V,1,0.0004938,0.7146
421,M06-day-119,G446V,1,0.0001646,0.9637
422,M06-day-119,G446V,1,5.487e-05,0.9965
423,M06-day-119,G446V,1,1.829e-05,0.9167
424,M06-day-119,G446V,2,0.04,-2.676e-05
425,M06-day-119,G446V,2,0.01333,0.09046
426,M06-day-119,G446V,2,0.004444,0.1529
427,M06-day-119,G446V,2,0.001481,0.4421
428,M06-day-119,G446V,2,0.0004938,0.6974
429,M06-day-119,G446V,2,0.0001646,0.9071
430,M06-day-119,G446V,2,5.487e-05,0.9463
431,M06-day-119,G446V,2,1.829e-05,0.9198
432,M11-day-119,G446V,1,0.04,5.212e-05
433,M11-day-119,G446V,1,0.01333,0.0002151
434,M11-day-119,G446V,1,0.004444,0.08694
435,M11-day-119,G446V,1,0.001481,0.5025
436,M11-day-119,G446V,1,0.0004938,0.9281
437,M11-day-119,G446V,1,0.0001646,0.9507
438,M11-day-119,G446V,1,5.487e-05,0.8473
439,M11-day-119,G446V,1,1.829e-05,1.103
440,M11-day-119,G446V,2,0.04,0.0001197
441,M11-day-119,G446V,2,0.01333,-4.331e-06
442,M11-day-119,G446V,2,0.004444,0.08935
443,M11-day-119,G446V,2,0.001481,0.2478
444,M11-day-119,G446V,2,0.0004938,0.5578
445,M11-day-119,G446V,2,0.0001646,0.7425
446,M11-day-119,G446V,2,5.487e-05,1.002
447,M11-day-119,G446V,2,1.829e-05,1.062
448,M12-day-119,G446V,1,0.04,-0.000107
449,M12-day-119,G446V,1,0.01333,5.837e-05
450,M12-day-119,G446V,1,0.004444,0.125
451,M12-day-119,G446V,1,0.001481,0.1358
452,M12-day-119,G446V,1,0.0004938,0.5248
453,M12-day-119,G446V,1,0.0001646,0.65
454,M12-day-119,G446V,1,5.487e-05,0.9281
455,M12-day-119,G446V,1,1.829e-05,0.8973
456,M12-day-119,G446V,2,0.04,-7.232e-05
457,M12-day-119,G446V,2,0.01333,5.837e-05
458,M12-day-119,G446V,2,0.004444,0.08958
459,M12-day-119,G446V,2,0.001481,0.2471
460,M12-day-119,G446V,2,0.0004938,0.6749
461,M12-day-119,G446V,2,0.0001646,0.5794
462,M12-day-119,G446V,2,5.487e-05,1.086
463,M12-day-119,G446V,2,1.829e-05,0.9285
464,M14-day-119,G446V,1,0.04,4.339e-05
465,M14-day-119,G446V,1,0.01333,-3.299e-05
466,M14-day-119,G446V,1,0.004444,0.01335
467,M14-day-119,G446V,1,0.001481,0.1101
468,M14-day-119,G446V,1,0.0004938,0.5187
469,M14-day-119,G446V,1,0.0001646,1.034
470,M14-day-119,G446V,1,5.487e-05,1.121
471,M14-day-119,G446V,1,1.829e-05,0.7734
472,M14-day-119,G446V,2,0.04,7.81e-05
473,M14-day-119,G446V,2,0.01333,7.613e-06
474,M14-day-119,G446V,2,0.004444,2.085e-05
475,M14-day-119,G446V,2,0.001481,0.1148
476,M14-day-119,G446V,2,0.0004938,0.5829
477,M14-day-119,G446V,2,0.0001646,0.4566
478,M14-day-119,G446V,2,5.487e-05,1.102
479,M14-day-119,G446V,2,1.829e-05,1.14
480,23_d120,G446V,1,0.04,-2.893e-06
481,23_d120,G446V,1,0.01333,-1.269e-05
482,23_d120,G446V,1,0.004444,0.1136
483,23_d120,G446V,1,0.001481,0.2963
484,23_d120,G446V,1,0.0004938,0.7202
485,23_d120,G446V,1,0.0001646,0.7362
486,23_d120,G446V,1,5.487e-05,0.9739
487,23_d120,G446V,1,1.829e-05,1.047
488,23_d120,G446V,2,0.04,-2.603e-05
489,23_d120,G446V,2,0.01333,0.02525
490,23_d120,G446V,2,0.004444,0.06228
491,23_d120,G446V,2,0.001481,0.3521
492,23_d120,G446V,2,0.0004938,0.7489
493,23_d120,G446V,2,0.0001646,0.7325
494,23_d120,G446V,2,5.487e-05,0.9878
495,23_d120,G446V,2,1.829e-05,0.6941
496,1C_d113,G446V,1,0.04,-2.603e-05
497,1C_d113,G446V,1,0.01333,0.09965
498,1C_d113,G446V,1,0.004444,0.5089
499,1C_d113,G446V,1,0.001481,0.6916
500,1C_d113,G446V,1,0.0004938,1.11
501,1C_d113,G446V,1,0.0001646,0.8848
502,1C_d113,G446V,1,5.487e-05,1.368
503,1C_d113,G446V,1,1.829e-05,1.079
504,1C_d113,G446V,2,0.04,-2.603e-05
505,1C_d113,G446V,2,0.01333,0.1797
506,1C_d113,G446V,2,0.004444,0.5259
507,1C_d113,G446V,2,0.001481,0.4391
508,1C_d113,G446V,2,0.0004938,0.9093
509,1C_d113,G446V,2,0.0001646,0.7096
510,1C_d113,G446V,2,5.487e-05,0.7524
511,1C_d113,G446V,2,1.829e-05,0.9949
512,M03-day-119,K417N,1,0.04,-5.552e-06
513,M03-day-119,K417N,1,0.01333,0.006488
514,M03-day-119,K417N,1,0.004444,0.05548
515,M03-day-119,K417N,1,0.001481,0.3122
516,M03-day-119,K417N,1,0.0004938,0.7072
517,M03-day-119,K417N,1,0.0001646,0.8696
518,M03-day-119,K417N,1,5.487e-05,0.8316
519,M03-day-119,K417N,1,1.829e-05,0.8355
520,M03-day-119,K417N,2,0.04,2.776e-05
521,M03-day-119,K417N,2,0.01333,0
522,M03-day-119,K417N,2,0.004444,0.01078
523,M03-day-119,K417N,2,0.001481,0.1328
524,M03-day-119,K417N,2,0.0004938,0.5183
525,M03-day-119,K417N,2,0.0001646,0.6927
526,M03-day-119,K417N,2,5.487e-05,0.8725
527,M03-day-119,K417N,2,1.829e-05,0.9589
528,M05-day-119,K417N,1,0.04,-5.552e-06
529,M05-day-119,K417N,1,0.01333,4.033e-05
530,M05-day-119,K417N,1,0.004444,0.02953
531,M05-day-119,K417N,1,0.001481,0.3213
532,M05-day-119,K417N,1,0.0004938,0.5867
533,M05-day-119,K417N,1,0.0001646,0.5861
534,M05-day-119,K417N,1,5.487e-05,0.8794
535,M05-day-119,K417N,1,1.829e-05,0.9936
536,M05-day-119,K417N,2,0.04,5.552e-06
537,M05-day-119,K417N,2,0.01333,2.521e-05
538,M05-day-119,K417N,2,0.004444,0.03693
539,M05-day-119,K417N,2,0.001481,0.208
540,M05-day-119,K417N,2,0.0004938,0.5272
541,M05-day-119,K417N,2,0.0001646,0.7037
542,M05-day-119,K417N,2,5.487e-05,0.8984
543,M05-day-119,K417N,2,1.829e-05,0.9723
544,M06-day-119,K417N,1,0.04,-5.552e-06
545,M06-day-119,K417N,1,0.01333,0.004462
546,M06-day-119,K417N,1,0.004444,0.09004
547,M06-day-119,K417N,1,0.001481,0.2562
548,M06-day-119,K417N,1,0.0004938,0.5022
549,M06-day-119,K417N,1,0.0001646,0.787
550,M06-day-119,K417N,1,5.487e-05,0.7656
551,M06-day-119,K417N,1,1.829e-05,1.15
552,M06-day-119,K417N,2,0.04,-1.11e-05
553,M06-day-119,K417N,2,0.01333,0.02695
554,M06-day-119,K417N,2,0.004444,0.0318
555,M06-day-119,K417N,2,0.001481,0.3906
556,M06-day-119,K417N,2,0.0004938,0.6512
557,M06-day-119,K417N,2,0.0001646,0.7007
558,M06-day-119,K417N,2,5.487e-05,0.7676
559,M06-day-119,K417N,2,1.829e-05,0.9447
560,M11-day-119,K417N,1,0.04,2.776e-05
561,M11-day-119,K417N,1,0.01333,0
562,M11-day-119,K417N,1,0.004444,0.01059
563,M11-day-119,K417N,1,0.001481,0.1379
564,M11-day-119,K417N,1,0.0004938,0.521
565,M11-day-119,K417N,1,0.0001646,0.7587
566,M11-day-119,K417N,1,5.487e-05,0.5699
567,M11-day-119,K417N,1,1.829e-05,0.9364
568,M11-day-119,K417N,2,0.04,-3.331e-05
569,M11-day-119,K417N,2,0.01333,-5.042e-06
570,M11-day-119,K417N,2,0.004444,0.04881
571,M11-day-119,K417N,2,0.001481,0.2483
572,M11-day-119,K417N,2,0.0004938,0.4993
573,M11-day-119,K417N,2,0.0001646,0.7184
574,M11-day-119,K417N,2,5.487e-05,0.7888
575,M11-day-119,K417N,2,1.829e-05,1.04
576,M12-day-119,K417N,1,0.04,-6.242e-06
577,M12-day-119,K417N,1,0.01333,3.417e-05
578,M12-day-119,K417N,1,0.004444,0.009314
579,M12-day-119,K417N,1,0.001481,0.1931
580,M12-day-119,K417N,1,0.0004938,0.501
581,M12-day-119,K417N,1,0.0001646,0.8054
582,M12-day-119,K417N,1,5.487e-05,0.757
583,M12-day-119,K417N,1,1.829e-05,0.8309
584,M12-day-119,K417N,2,0.04,-1.179e-05
585,M12-day-119,K417N,2,0.01333,5.089e-06
586,M12-day-119,K417N,2,0.004444,0.01687
587,M12-day-119,K417N,2,0.001481,0.177
588,M12-day-119,K417N,2,0.0004938,0.5602
589,M12-day-119,K417N,2,0.0001646,0.7595
590,M12-day-119,K417N,2,5.487e-05,0.8055
591,M12-day-119,K417N,2,1.829e-05,1.005
592,M14-day-119,K417N,1,0.04,1.04e-05
593,M14-day-119,K417N,1,0.01333,-1.236e-05
594,M14-day-119,K417N,1,0.004444,-8.188e-07
595,M14-day-119,K417N,1,0.001481,0.0608
596,M14-day-119,K417N,1,0.0004938,0.4437
597,M14-day-119,K417N,1,0.0001646,0.7667
598,M14-day-119,K417N,1,5.487e-05,0.5979
599,M14-day-119,K417N,1,1.829e-05,0.8537
600,M14-day-119,K417N,2,0.04,4.855e-06
601,M14-day-119,K417N,2,0.01333,-7.27e-07
602,M14-day-119,K417N,2,0.004444,-1.392e-05
603,M14-day-119,K417N,2,0.001481,0.1434
604,M14-day-119,K417N,2,0.0004938,0.4229
605,M14-day-119,K417N,2,0.0001646,0.6998
606,M14-day-119,K417N,2,5.487e-05,0.8189
607,M14-day-119,K417N,2,1.829e-05,0.9419
608,23_d120,K417N,1,0.04,2.705e-05
609,23_d120,K417N,1,0.01333,0.01377
610,23_d120,K417N,1,0.004444,0.02191
611,23_d120,K417N,1,0.001481,0.1693
612,23_d120,K417N,1,0.0004938,0.6014
613,23_d120,K417N,1,0.0001646,0.9585
614,23_d120,K417N,1,5.487e-05,0.8505
615,23_d120,K417N,1,1.829e-05,0.7835
616,23_d120,K417N,2,0.04,2.15e-05
617,23_d120,K417N,2,0.01333,-1.236e-05
618,23_d120,K417N,2,0.004444,0.03703
619,23_d120,K417N,2,0.001481,0.2547
620,23_d120,K417N,2,0.0004938,0.5188
621,23_d120,K417N,2,0.0001646,0.8316
622,23_d120,K417N,2,5.487e-05,0.7773
623,23_d120,K417N,2,1.829e-05,0.7333
624,1C_d113,K417N,1,0.04,0.01379
625,1C_d113,K417N,1,0.01333,0.01486
626,1C_d113,K417N,1,0.004444,0.1985
627,1C_d113,K417N,1,0.001481,0.6556
628,1C_d113,K417N,1,0.0004938,0.9898
629,1C_d113,K417N,1,0.0001646,0.9646
630,1C_d113,K417N,1,5.487e-05,0.914
631,1C_d113,K417N,1,1.829e-05,0.9842
632,1C_d113,K417N,2,0.04,-2.289e-05
633,1C_d113,K417N,2,0.01333,0.03889
634,1C_d113,K417N,2,0.004444,0.1559
635,1C_d113,K417N,2,0.001481,0.7015
636,1C_d113,K417N,2,0.0004938,0.7134
637,1C_d113,K417N,2,0.0001646,0.9301
638,1C_d113,K417N,2,5.487e-05,0.8445
639,1C_d113,K417N,2,1.829e-05,0.9922
640,M03-day-119,K417N-G446V-E484K,1,0.04,0.003071
641,M03-day-119,K417N-G446V-E484K,1,0.01333,0.04221
642,M03-day-119,K417N-G446V-E484K,1,0.004444,0.306
643,M03-day-119,K417N-G446V-E484K,1,0.001481,0.8248
644,M03-day-119,K417N-G446V-E484K,1,0.0004938,1.058
645,M03-day-119,K417N-G446V-E484K,1,0.0001646,1.236
646,M03-day-119,K417N-G446V-E484K,1,5.487e-05,0.9174
647,M03-day-119,K417N-G446V-E484K,1,1.829e-05,0.9518
648,M03-day-119,K417N-G446V-E484K,2,0.04,1.381e-06
649,M03-day-119,K417N-G446V-E484K,2,0.01333,0.01346
650,M03-day-119,K417N-G446V-E484K,2,0.004444,0.2618
651,M03-day-119,K417N-G446V-E484K,2,0.001481,0.572
652,M03-day-119,K417N-G446V-E484K,2,0.0004938,1.035
653,M03-day-119,K417N-G446V-E484K,2,0.0001646,1.268
654,M03-day-119,K417N-G446V-E484K,2,5.487e-05,0.982
655,M03-day-119,K417N-G446V-E484K,2,1.829e-05,1.031
656,M05-day-119,K417N-G446V-E484K,1,0.04,0.002331
657,M05-day-119,K417N-G446V-E484K,1,0.01333,0.05542
658,M05-day-119,K417N-G446V-E484K,1,0.004444,0.3002
659,M05-day-119,K417N-G446V-E484K,1,0.001481,0.7552
660,M05-day-119,K417N-G446V-E484K,1,0.0004938,0.984
661,M05-day-119,K417N-G446V-E484K,1,0.0001646,1.34
662,M05-day-119,K417N-G446V-E484K,1,5.487e-05,0.9706
663,M05-day-119,K417N-G446V-E484K,1,1.829e-05,1.05
664,M05-day-119,K417N-G446V-E484K,2,0.04,-9.666e-06
665,M05-day-119,K417N-G446V-E484K,2,0.01333,0.02199
666,M05-day-119,K417N-G446V-E484K,2,0.004444,0.3279
667,M05-day-119,K417N-G446V-E484K,2,0.001481,0.6636
668,M05-day-119,K417N-G446V-E484K,2,0.0004938,1.067
669,M05-day-119,K417N-G446V-E484K,2,0.0001646,1.082
670,M05-day-119,K417N-G446V-E484K,2,5.487e-05,0.8863
671,M05-day-119,K417N-G446V-E484K,2,1.829e-05,0.9627
672,M06-day-119,K417N-G446V-E484K,1,0.04,0.02497
673,M06-day-119,K417N-G446V-E484K,1,0.01333,0.2807
674,M06-day-119,K417N-G446V-E484K,1,0.004444,0.6765
675,M06-day-119,K417N-G446V-E484K,1,0.001481,0.937
676,M06-day-119,K417N-G446V-E484K,1,0.0004938,1.091
677,M06-day-119,K417N-G446V-E484K,1,0.0001646,1.087
678,M06-day-119,K417N-G446V-E484K,1,5.487e-05,0.9473
679,M06-day-119,K417N-G446V-E484K,1,1.829e-05,0.8782
680,M06-day-119,K417N-G446V-E484K,2,0.04,0.03852
681,M06-day-119,K417N-G446V-E484K,2,0.01333,0.2632
682,M06-day-119,K417N-G446V-E484K,2,0.004444,0.6901
683,M06-day-119,K417N-G446V-E484K,2,0.001481,0.9822
684,M06-day-119,K417N-G446V-E484K,2,0.0004938,1.01
685,M06-day-119,K417N-G446V-E484K,2,0.0001646,1.049
686,M06-day-119,K417N-G446V-E484K,2,5.487e-05,0.861
687,M06-day-119,K417N-G446V-E484K,2,1.829e-05,0.9762
688,M11-day-119,K417N-G446V-E484K,1,0.04,6.116e-06
689,M11-day-119,K417N-G446V-E484K,1,0.01333,0.03917
690,M11-day-119,K417N-G446V-E484K,1,0.004444,0.3618
691,M11-day-119,K417N-G446V-E484K,1,0.001481,0.9099
692,M11-day-119,K417N-G446V-E484K,1,0.0004938,1.027
693,M11-day-119,K417N-G446V-E484K,1,0.0001646,1.159
694,M11-day-119,K417N-G446V-E484K,1,5.487e-05,0.9251
695,M11-day-119,K417N-G446V-E484K,1,1.829e-05,0.8584
696,M11-day-119,K417N-G446V-E484K,2,0.04,0.006513
697,M11-day-119,K417N-G446V-E484K,2,0.01333,0.05949
698,M11-day-119,K417N-G446V-E484K,2,0.004444,0.3492
699,M11-day-119,K417N-G446V-E484K,2,0.001481,0.8439
700,M11-day-119,K417N-G446V-E484K,2,0.0004938,1.088
701,M11-day-119,K417N-G446V-E484K,2,0.0001646,1.168
702,M11-day-119,K417N-G446V-E484K,2,5.487e-05,0.8552
703,M11-day-119,K417N-G446V-E484K,2,1.829e-05,0.9197
704,M12-day-119,K417N-G446V-E484K,1,0.04,-2.966e-06
705,M12-day-119,K417N-G446V-E484K,1,0.01333,0.02101
706,M12-day-119,K417N-G446V-E484K,1,0.004444,0.1815
707,M12-day-119,K417N-G446V-E484K,1,0.001481,0.6725
708,M12-day-119,K417N-G446V-E484K,1,0.0004938,1.049
709,M12-day-119,K417N-G446V-E484K,1,0.0001646,1.016
710,M12-day-119,K417N-G446V-E484K,1,5.487e-05,1.122
711,M12-day-119,K417N-G446V-E484K,1,1.829e-05,1.028
712,M12-day-119,K417N-G446V-E484K,2,0.04,-1.745e-07
713,M12-day-119,K417N-G446V-E484K,2,0.01333,0.02173
714,M12-day-119,K417N-G446V-E484K,2,0.004444,0.2
715,M12-day-119,K417N-G446V-E484K,2,0.001481,0.6386
716,M12-day-119,K417N-G446V-E484K,2,0.0004938,1.038
717,M12-day-119,K417N-G446V-E484K,2,0.0001646,1.067
718,M12-day-119,K417N-G446V-E484K,2,5.487e-05,1.07
719,M12-day-119,K417N-G446V-E484K,2,1.829e-05,1.035
720,M14-day-119,K417N-G446V-E484K,1,0.04,5.409e-06
721,M14-day-119,K417N-G446V-E484K,1,0.01333,0.009301
722,M14-day-119,K417N-G446V-E484K,1,0.004444,0.08972
723,M14-day-119,K417N-G446V-E484K,1,0.001481,0.463
724,M14-day-119,K417N-G446V-E484K,1,0.0004938,0.7688
725,M14-day-119,K417N-G446V-E484K,1,0.0001646,0.9603
726,M14-day-119,K417N-G446V-E484K,1,5.487e-05,1.023
727,M14-day-119,K417N-G446V-E484K,1,1.829e-05,0.9389
728,M14-day-119,K417N-G446V-E484K,2,0.04,2.617e-06
729,M14-day-119,K417N-G446V-E484K,2,0.01333,0.009622
730,M14-day-119,K417N-G446V-E484K,2,0.004444,0.0872
731,M14-day-119,K417N-G446V-E484K,2,0.001481,0.5656
732,M14-day-119,K417N-G446V-E484K,2,0.0004938,1.035
733,M14-day-119,K417N-G446V-E484K,2,0.0001646,0.9478
734,M14-day-119,K417N-G446V-E484K,2,5.487e-05,1.083
735,M14-day-119,K417N-G446V-E484K,2,1.829e-05,1
736,23_d120,K417N-G446V-E484K,1,0.04,-7.154e-06
737,23_d120,K417N-G446V-E484K,1,0.01333,0.04136
738,23_d120,K417N-G446V-E484K,1,0.004444,0.2856
739,23_d120,K417N-G446V-E484K,1,0.001481,0.7638
740,23_d120,K417N-G446V-E484K,1,0.0004938,1.05
741,23_d120,K417N-G446V-E484K,1,0.0001646,0.9655
742,23_d120,K417N-G446V-E484K,1,5.487e-05,1.127
743,23_d120,K417N-G446V-E484K,1,1.829e-05,1.122
744,23_d120,K417N-G446V-E484K,2,0.04,-1.134e-05
745,23_d120,K417N-G446V-E484K,2,0.01333,0.02696
746,23_d120,K417N-G446V-E484K,2,0.004444,0.3007
747,23_d120,K417N-G446V-E484K,2,0.001481,0.695
748,23_d120,K417N-G446V-E484K,2,0.0004938,0.9923
749,23_d120,K417N-G446V-E484K,2,0.0001646,0.9707
750,23_d120,K417N-G446V-E484K,2,5.487e-05,1.119
751,23_d120,K417N-G446V-E484K,2,1.829e-05,1.122
752,1C_d113,K417N-G446V-E484K,1,0.04,0.36
753,1C_d113,K417N-G446V-E484K,1,0.01333,0.927
754,1C_d113,K417N-G446V-E484K,1,0.004444,1.127
755,1C_d113,K417N-G446V-E484K,1,0.001481,1.094
756,1C_d113,K417N-G446V-E484K,1,0.0004938,1.097
757,1C_d113,K417N-G446V-E484K,1,0.0001646,0.9915
758,1C_d113,K417N-G446V-E484K,1,5.487e-05,1.147
759,1C_d113,K417N-G446V-E484K,1,1.829e-05,1.039
760,1C_d113,K417N-G446V-E484K,2,0.04,0.4325
761,1C_d113,K417N-G446V-E484K,2,0.01333,0.8904
762,1C_d113,K417N-G446V-E484K,2,0.004444,0.9079
763,1C_d113,K417N-G446V-E484K,2,0.001481,0.9289
764,1C_d113,K417N-G446V-E484K,2,0.0004938,1.013
765,1C_d113,K417N-G446V-E484K,2,0.0001646,0.9142
766,1C_d113,K417N-G446V-E484K,2,5.487e-05,1.089
767,1C_d113,K417N-G446V-E484K,2,1.829e-05,1.016
768,M03-day-119,P384R,1,0.04,0
769,M03-day-119,P384R,1,0.01333,0.0111
770,M03-day-119,P384R,1,0.004444,0.1349
771,M03-day-119,P384R,1,0.001481,0.4107
772,M03-day-119,P384R,1,0.0004938,0.6957
773,M03-day-119,P384R,1,0.0001646,0.8655
774,M03-day-119,P384R,1,5.487e-05,0.9871
775,M03-day-119,P384R,1,1.829e-05,0.9038
776,M03-day-119,P384R,2,0.04,3.512e-06
777,M03-day-119,P384R,2,0.01333,0.008924
778,M03-day-119,P384R,2,0.004444,0.1124
779,M03-day-119,P384R,2,0.001481,0.3133
780,M03-day-119,P384R,2,0.0004938,0.6939
781,M03-day-119,P384R,2,0.0001646,0.9558
782,M03-day-119,P384R,2,5.487e-05,1.111
783,M03-day-119,P384R,2,1.829e-05,1.045
784,M05-day-119,P384R,1,0.04,-5.268e-06
785,M05-day-119,P384R,1,0.01333,0.005582
786,M05-day-119,P384R,1,0.004444,0.09354
787,M05-day-119,P384R,1,0.001481,0.2061
788,M05-day-119,P384R,1,0.0004938,0.4865
789,M05-day-119,P384R,1,0.0001646,0.9052
790,M05-day-119,P384R,1,5.487e-05,0.8725
791,M05-day-119,P384R,1,1.829e-05,0.8847
792,M05-day-119,P384R,2,0.04,-1.756e-06
793,M05-day-119,P384R,2,0.01333,0.0007556
794,M05-day-119,P384R,2,0.004444,0.04723
795,M05-day-119,P384R,2,0.001481,0.2639
796,M05-day-119,P384R,2,0.0004938,0.7061
797,M05-day-119,P384R,2,0.0001646,0.8142
798,M05-day-119,P384R,2,5.487e-05,0.9367
799,M05-day-119,P384R,2,1.829e-05,0.9276
800,M06-day-119,P384R,1,0.04,5.268e-06
801,M06-day-119,P384R,1,0.01333,0.01559
802,M06-day-119,P384R,1,0.004444,0.1512
803,M06-day-119,P384R,1,0.001481,0.4543
804,M06-day-119,P384R,1,0.0004938,0.6373
805,M06-day-119,P384R,1,0.0001646,0.8794
806,M06-day-119,P384R,1,5.487e-05,1.019
807,M06-day-119,P384R,1,1.829e-05,0.9123
808,M06-day-119,P384R,2,0.04,0.00507
809,M06-day-119,P384R,2,0.01333,0.001052
810,M06-day-119,P384R,2,0.004444,0.1731
811,M06-day-119,P384R,2,0.001481,0.4095
812,M06-day-119,P384R,2,0.0004938,0.7774
813,M06-day-119,P384R,2,0.0001646,0.8745
814,M06-day-119,P384R,2,5.487e-05,1.037
815,M06-day-119,P384R,2,1.829e-05,0.9561
816,M11-day-119,P384R,1,0.04,-5.268e-06
817,M11-day-119,P384R,1,0.01333,5.359e-06
818,M11-day-119,P384R,1,0.004444,0.115
819,M11-day-119,P384R,1,0.001481,0.3324
820,M11-day-119,P384R,1,0.0004938,0.5863
821,M11-day-119,P384R,1,0.0001646,0.8063
822,M11-day-119,P384R,1,5.487e-05,0.8585
823,M11-day-119,P384R,1,1.829e-05,1.041
824,M11-day-119,P384R,2,0.04,-1.756e-06
825,M11-day-119,P384R,2,0.01333,0.02161
826,M11-day-119,P384R,2,0.004444,0.1114
827,M11-day-119,P384R,2,0.001481,0.3832
828,M11-day-119,P384R,2,0.0004938,0.7323
829,M11-day-119,P384R,2,0.0001646,0.9331
830,M11-day-119,P384R,2,5.487e-05,0.8688
831,M11-day-119,P384R,2,1.829e-05,0.8722
832,M12-day-119,P384R,1,0.04,6.393e-06
833,M12-day-119,P384R,1,0.01333,0
834,M12-day-119,P384R,1,0.004444,0.0571
835,M12-day-119,P384R,1,0.001481,0.2621
836,M12-day-119,P384R,1,0.0004938,0.5183
837,M12-day-119,P384R,1,0.0001646,0.8838
838,M12-day-119,P384R,1,5.487e-05,0.7587
839,M12-day-119,P384R,1,1.829e-05,0.9533
840,M12-day-119,P384R,2,0.04,1.119e-05
841,M12-day-119,P384R,2,0.01333,0.007875
842,M12-day-119,P384R,2,0.004444,0.05838
843,M12-day-119,P384R,2,0.001481,0.2969
844,M12-day-119,P384R,2,0.0004938,0.5668
845,M12-day-119,P384R,2,0.0001646,0.8949
846,M12-day-119,P384R,2,5.487e-05,0.7962
847,M12-day-119,P384R,2,1.829e-05,1.012
848,M14-day-119,P384R,1,0.04,7.992e-06
849,M14-day-119,P384R,1,0.01333,-8.031e-06
850,M14-day-119,P384R,1,0.004444,0.01056
851,M14-day-119,P384R,1,0.001481,0.1615
852,M14-day-119,P384R,1,0.0004938,0.5487
853,M14-day-119,P384R,1,0.0001646,0.6949
854,M14-day-119,P384R,1,5.487e-05,0.8967
855,M14-day-119,P384R,1,1.829e-05,1.025
856,M14-day-119,P384R,2,0.04,-4.795e-06
857,M14-day-119,P384R,2,0.01333,4.818e-06
858,M14-day-119,P384R,2,0.004444,0.01289
859,M14-day-119,P384R,2,0.001481,0.1474
860,M14-day-119,P384R,2,0.0004938,0.4585
861,M14-day-119,P384R,2,0.0001646,0.7801
862,M14-day-119,P384R,2,5.487e-05,0.783
863,M14-day-119,P384R,2,1.829e-05,0.9545
864,23_d120,P384R,1,0.04,4.795e-06
865,23_d120,P384R,1,0.01333,0.0002907
866,23_d120,P384R,1,0.004444,0.1071
867,23_d120,P384R,1,0.001481,0.479
868,23_d120,P384R,1,0.0004938,0.641
869,23_d120,P384R,1,0.0001646,0.84
870,23_d120,P384R,1,5.487e-05,0.9073
871,23_d120,P384R,1,1.829e-05,0.9491
872,23_d120,P384R,2,0.04,3.197e-06
873,23_d120,P384R,2,0.01333,0.01393
874,23_d120,P384R,2,0.004444,0.08521
875,23_d120,P384R,2,0.001481,0.4648
876,23_d120,P384R,2,0.0004938,0.6675
877,23_d120,P384R,2,0.0001646,0.8408
878,23_d120,P384R,2,5.487e-05,0.9148
879,23_d120,P384R,2,1.829e-05,1.036
880,1C_d113,P384R,1,0.04,0.04366
881,1C_d113,P384R,1,0.01333,0.122
882,1C_d113,P384R,1,0.004444,0.4035
883,1C_d113,P384R,1,0.001481,0.7759
884,1C_d113,P384R,1,0.0004938,0.8167
885,1C_d113,P384R,1,0.0001646,1.053
886,1C_d113,P384R,1,5.487e-05,0.9245
887,1C_d113,P384R,1,1.829e-05,1.118
888,1C_d113,P384R,2,0.04,0.01256
889,1C_d113,P384R,2,0.01333,0.1024
890,1C_d113,P384R,2,0.004444,0.277
891,1C_d113,P384R,2,0.001481,0.6832
892,1C_d113,P384R,2,0.0004938,0.8245
893,1C_d113,P384R,2,0.0001646,0.982
894,1C_d113,P384R,2,5.487e-05,0.9704
895,1C_d113,P384R,2,1.829e-05,1.03
